epoch,time,train/box_loss,train/cls_loss,train/dfl_loss,metrics/precision(B),metrics/recall(B),metrics/mAP50(B),metrics/mAP50-95(B),val/box_loss,val/cls_loss,val/dfl_loss,lr/pg0,lr/pg1,lr/pg2
1,22.1227,0.01059,4.22049,0.99024,0.28136,0.18503,0.14785,0.08839,0.01292,8.19306,1.22824,0.000328431,0.000328431,0.000328431
2,43.408,0.01342,2.21567,1.21679,0.2573,0.18613,0.04998,0.02236,0.02215,inf,4.6574,0.000658459,0.000658459,0.000658459
3,65.0724,0.01552,2.12332,1.42646,0.85676,0.09486,0.07331,0.03215,0.01667,5.5061,1.87011,0.000985157,0.000985157,0.000985157
4,86.8229,0.01487,2.08808,1.4021,0.44385,0.08188,0.05508,0.0262,0.02,5.44459,2.01449,0.000985015,0.000985015,0.000985015
5,108.967,0.01462,1.87785,1.3445,0.43092,0.15156,0.1194,0.06013,0.01674,45.5,1.82375,0.00098002,0.00098002,0.00098002
6,130.496,0.01395,1.83357,1.27693,0.79966,0.0942,0.13952,0.06209,0.01586,2.47567,1.48514,0.000975025,0.000975025,0.000975025
7,152.162,0.01353,1.63121,1.28458,0.81749,0.14493,0.17706,0.10458,0.01338,2.66985,1.4156,0.00097003,0.00097003,0.00097003
8,174.669,0.01313,1.5178,1.24261,0.37023,0.34529,0.3022,0.14892,0.01302,1.39959,1.25327,0.000965035,0.000965035,0.000965035
9,197.363,0.01238,1.40017,1.20538,0.31115,0.36679,0.2909,0.14065,0.01369,2.77993,1.30724,0.00096004,0.00096004,0.00096004
10,218.841,0.01241,1.41937,1.1826,0.66693,0.2311,0.31222,0.17671,0.0117,1.42156,1.20812,0.000955045,0.000955045,0.000955045
11,241.439,0.01163,1.27734,1.12403,0.55785,0.28798,0.36029,0.18415,0.01271,1.24432,1.30647,0.00095005,0.00095005,0.00095005
12,264.041,0.01172,1.25388,1.12304,0.4557,0.29545,0.27611,0.13361,0.01258,1.73028,1.20923,0.000945055,0.000945055,0.000945055
13,285.568,0.01203,1.24845,1.14898,0.36257,0.34082,0.37633,0.20574,0.01177,1.16525,1.17658,0.00094006,0.00094006,0.00094006
14,307.999,0.01134,1.19018,1.11576,0.62322,0.25222,0.40145,0.1849,0.01227,1.4204,1.20752,0.000935065,0.000935065,0.000935065
15,329.049,0.01117,1.21037,1.0815,0.50783,0.42515,0.4251,0.22048,0.01201,1.29459,1.16807,0.00093007,0.00093007,0.00093007
16,351.442,0.01122,1.14881,1.10758,0.56572,0.45076,0.48134,0.27812,0.01092,1.52615,1.15941,0.000925075,0.000925075,0.000925075
17,374.127,0.01067,1.04841,1.04227,0.70192,0.39354,0.45182,0.25065,0.01162,0.99255,1.1694,0.00092008,0.00092008,0.00092008
18,395.661,0.01072,1.06966,1.06186,0.58944,0.47785,0.56105,0.32797,0.01097,0.90009,1.07411,0.000915085,0.000915085,0.000915085
19,418.144,0.00999,0.93162,1.00512,0.51033,0.42945,0.52218,0.28541,0.01221,1.33395,1.22881,0.00091009,0.00091009,0.00091009
20,439.876,0.01044,1.00272,1.0117,0.62303,0.51483,0.61073,0.32981,0.01149,0.83785,1.19316,0.000905095,0.000905095,0.000905095
21,462.715,0.01068,0.98467,1.02142,0.56842,0.52656,0.55061,0.32717,0.01096,0.9334,1.08925,0.0009001,0.0009001,0.0009001
22,484.379,0.01043,0.99062,0.99523,0.33845,0.48248,0.47734,0.25263,0.01147,1.14211,1.14415,0.000895105,0.000895105,0.000895105
23,505.947,0.01024,0.88437,1.0134,0.65098,0.51626,0.59977,0.37267,0.01058,0.75454,1.06831,0.00089011,0.00089011,0.00089011
24,528.551,0.00989,0.91707,0.97709,0.49353,0.57163,0.52834,0.32245,0.0104,1.20797,1.05416,0.000885115,0.000885115,0.000885115
25,549.972,0.00958,0.85112,0.97969,0.53892,0.62774,0.61465,0.35895,0.01016,0.81044,1.09132,0.00088012,0.00088012,0.00088012
26,571.315,0.00943,0.8928,0.95273,0.74739,0.48527,0.64023,0.39214,0.01004,0.80203,1.05633,0.000875125,0.000875125,0.000875125
27,593.87,0.00984,0.88919,0.98606,0.51289,0.57162,0.58596,0.36018,0.01037,1.12092,1.06993,0.00087013,0.00087013,0.00087013
28,615.02,0.00952,0.88659,0.98262,0.69519,0.56628,0.6762,0.39639,0.0103,1.44751,1.03336,0.000865135,0.000865135,0.000865135
29,637.427,0.0093,0.93125,0.95407,0.56752,0.53896,0.60783,0.38146,0.00971,1.01634,1.02137,0.00086014,0.00086014,0.00086014
30,658.843,0.00941,0.79933,0.93451,0.5023,0.55539,0.58501,0.36469,0.00976,0.79526,1.01351,0.000855145,0.000855145,0.000855145
31,680.122,0.00936,0.88639,0.9396,0.60825,0.57433,0.65698,0.41071,0.01005,0.75495,0.99178,0.00085015,0.00085015,0.00085015
32,702.567,0.00956,0.82776,0.9318,0.64079,0.51421,0.62651,0.39834,0.01008,0.6951,1.04352,0.000845155,0.000845155,0.000845155
33,724.036,0.00931,0.76293,0.95846,0.63304,0.68993,0.69451,0.41233,0.00994,0.90387,1.07726,0.00084016,0.00084016,0.00084016
34,746.558,0.00879,0.74919,0.89776,0.61311,0.59985,0.64033,0.39283,0.00996,0.80588,1.04666,0.000835165,0.000835165,0.000835165
35,768.113,0.00887,0.74781,0.9283,0.58283,0.6519,0.6528,0.39351,0.0097,0.68794,1.01212,0.00083017,0.00083017,0.00083017
36,789.786,0.00927,0.79802,0.9063,0.71701,0.65002,0.7094,0.45837,0.00932,0.67354,0.97374,0.000825175,0.000825175,0.000825175
37,812.545,0.00887,0.76955,0.92814,0.53623,0.52177,0.5703,0.3528,0.01092,1.11871,1.08414,0.00082018,0.00082018,0.00082018
38,834.147,0.00896,0.71898,0.88846,0.5988,0.58273,0.63223,0.37221,0.00972,0.71566,1.05094,0.000815185,0.000815185,0.000815185
39,855.575,0.00892,0.76956,0.93162,0.66878,0.6261,0.68742,0.45579,0.00936,0.6146,0.99437,0.00081019,0.00081019,0.00081019
40,877.024,0.00866,0.74483,0.88847,0.58706,0.57977,0.63827,0.38786,0.01021,0.71847,1.04375,0.000805195,0.000805195,0.000805195
41,898.273,0.00901,0.74451,0.92451,0.67161,0.61588,0.66138,0.3871,0.0104,0.79901,1.07798,0.0008002,0.0008002,0.0008002
42,919.372,0.00905,0.75404,0.90798,0.65231,0.64124,0.68862,0.44773,0.0097,0.63938,1.02989,0.000795205,0.000795205,0.000795205
43,941.089,0.00904,0.76272,0.92153,0.61466,0.66851,0.71675,0.45056,0.00972,0.64531,1.0408,0.00079021,0.00079021,0.00079021
44,962.653,0.00905,0.75016,0.90933,0.67066,0.66543,0.715,0.45011,0.00932,0.62915,0.98639,0.000785215,0.000785215,0.000785215
45,984.206,0.00881,0.6768,0.90831,0.6919,0.63502,0.68925,0.46887,0.00901,0.59078,0.97613,0.00078022,0.00078022,0.00078022
46,1006.64,0.00848,0.69897,0.87829,0.69718,0.67797,0.71094,0.46638,0.00951,0.66446,1.01152,0.000775225,0.000775225,0.000775225
47,1028.13,0.00866,0.69575,0.90093,0.6597,0.6482,0.69491,0.42086,0.01045,0.64699,1.04004,0.00077023,0.00077023,0.00077023
48,1049.5,0.00865,0.70522,0.86657,0.67569,0.61202,0.67603,0.44979,0.00924,0.62302,0.99361,0.000765235,0.000765235,0.000765235
49,1070.96,0.0085,0.62861,0.86623,0.61822,0.65313,0.65667,0.404,0.0098,0.6916,1.02682,0.00076024,0.00076024,0.00076024
50,1092.38,0.0088,0.69262,0.89738,0.6886,0.64923,0.68547,0.43708,0.00922,0.66854,0.94359,0.000755245,0.000755245,0.000755245
51,1113.95,0.00877,0.73051,0.91298,0.59011,0.66802,0.6983,0.4521,0.00934,0.62283,0.96175,0.00075025,0.00075025,0.00075025
52,1135.28,0.00838,0.64016,0.87626,0.74192,0.63334,0.70914,0.47199,0.00929,0.6201,0.98664,0.000745255,0.000745255,0.000745255
53,1157.6,0.00828,0.66462,0.86487,0.67024,0.69815,0.69836,0.46409,0.00937,0.6939,1.01234,0.00074026,0.00074026,0.00074026
54,1178.69,0.00834,0.64977,0.85565,0.76067,0.67499,0.72485,0.44409,0.00953,0.62811,1.00396,0.000735265,0.000735265,0.000735265
55,1199.82,0.0081,0.63673,0.84975,0.6581,0.70097,0.69081,0.43869,0.00974,0.57247,1.01092,0.00073027,0.00073027,0.00073027
56,1221.36,0.00827,0.65631,0.86431,0.655,0.68777,0.72404,0.45979,0.00946,0.58471,1.01319,0.000725275,0.000725275,0.000725275
57,1242.84,0.00812,0.65855,0.86441,0.73019,0.61199,0.68703,0.43294,0.0093,0.65113,0.99879,0.00072028,0.00072028,0.00072028
58,1264.25,0.0085,0.7079,0.89446,0.69866,0.68061,0.74597,0.49264,0.00865,0.61557,0.9284,0.000715285,0.000715285,0.000715285
59,1286.71,0.00783,0.62836,0.82379,0.68685,0.67844,0.72253,0.5099,0.00832,0.58973,0.89951,0.00071029,0.00071029,0.00071029
60,1309.05,0.00803,0.6499,0.85996,0.73402,0.71916,0.75243,0.51816,0.00832,0.57766,0.94292,0.000705295,0.000705295,0.000705295
61,1331.5,0.00776,0.5802,0.79901,0.74533,0.69364,0.72989,0.49553,0.00845,0.58931,0.94808,0.0007003,0.0007003,0.0007003
62,1352.87,0.00776,0.6195,0.82213,0.78184,0.69121,0.73703,0.48711,0.00869,0.55838,0.9737,0.000695305,0.000695305,0.000695305
63,1374.15,0.00857,0.62406,0.87145,0.72781,0.69045,0.7436,0.4551,0.00919,0.5378,0.97441,0.00069031,0.00069031,0.00069031
64,1395.55,0.00784,0.62411,0.8269,0.70925,0.60772,0.6999,0.46107,0.00938,0.62083,0.99609,0.000685315,0.000685315,0.000685315
65,1416.94,0.00799,0.62793,0.83139,0.69537,0.64673,0.70347,0.49416,0.00843,0.55908,0.95809,0.00068032,0.00068032,0.00068032
66,1438.26,0.00765,0.58097,0.83784,0.74509,0.7016,0.72144,0.48844,0.00887,0.88737,0.97504,0.000675325,0.000675325,0.000675325
67,1459.49,0.00773,0.56119,0.8073,0.67481,0.64738,0.69617,0.47521,0.0089,0.60881,0.97588,0.00067033,0.00067033,0.00067033
68,1480.63,0.00802,0.58664,0.83132,0.67166,0.6552,0.71192,0.4637,0.00895,0.57245,0.96387,0.000665335,0.000665335,0.000665335
69,1502.15,0.00791,0.61332,0.83885,0.75142,0.65705,0.72987,0.49727,0.00907,0.52664,0.96037,0.00066034,0.00066034,0.00066034
70,1523.4,0.00739,0.5917,0.82132,0.76461,0.7096,0.74025,0.46699,0.0092,0.52784,0.97627,0.000655345,0.000655345,0.000655345
71,1544.68,0.00809,0.66573,0.85754,0.77081,0.61156,0.70081,0.48331,0.00847,0.50464,0.96051,0.00065035,0.00065035,0.00065035
72,1566.11,0.00743,0.59514,0.8006,0.77396,0.60822,0.71056,0.49765,0.00828,0.55926,0.91239,0.000645355,0.000645355,0.000645355
73,1587.19,0.00766,0.60783,0.82788,0.74085,0.62049,0.71262,0.47971,0.00905,0.5493,0.98133,0.00064036,0.00064036,0.00064036
74,1608.62,0.00797,0.60619,0.83436,0.76812,0.71029,0.75641,0.49727,0.00889,0.51386,0.961,0.000635365,0.000635365,0.000635365
75,1629.76,0.00738,0.55657,0.78023,0.68982,0.71466,0.72386,0.48274,0.00898,0.51396,0.95777,0.00063037,0.00063037,0.00063037
76,1651.01,0.00756,0.62697,0.80947,0.79301,0.65717,0.74265,0.48752,0.00859,0.50415,0.92853,0.000625375,0.000625375,0.000625375
77,1672.25,0.0075,0.53569,0.81636,0.72532,0.68175,0.72199,0.49847,0.00826,0.54476,0.91443,0.00062038,0.00062038,0.00062038
78,1693.46,0.00734,0.53865,0.79252,0.77869,0.70989,0.75395,0.51576,0.00832,0.51139,0.93329,0.000615385,0.000615385,0.000615385
79,1714.69,0.00781,0.57364,0.83618,0.6678,0.72269,0.73052,0.49518,0.00855,0.54123,0.92752,0.00061039,0.00061039,0.00061039
80,1735.91,0.00751,0.57347,0.80794,0.71376,0.63822,0.69364,0.48746,0.00858,0.53874,0.94499,0.000605395,0.000605395,0.000605395
81,1756.86,0.00772,0.56866,0.80343,0.73918,0.65618,0.73113,0.5032,0.00867,0.53383,0.93155,0.0006004,0.0006004,0.0006004
82,1777.87,0.00701,0.54415,0.77212,0.78169,0.68154,0.75744,0.53488,0.00836,0.52212,0.9089,0.000595405,0.000595405,0.000595405
83,1800.45,0.00737,0.53236,0.79619,0.76043,0.69705,0.74845,0.5108,0.00844,0.51686,0.92999,0.00059041,0.00059041,0.00059041
84,1821.71,0.00739,0.55307,0.79858,0.705,0.70099,0.74288,0.48729,0.00854,0.53012,0.93,0.000585415,0.000585415,0.000585415
85,1842.95,0.00744,0.56515,0.81695,0.67087,0.73888,0.73989,0.50755,0.00802,0.4999,0.90357,0.00058042,0.00058042,0.00058042
86,1864.25,0.0076,0.52422,0.80015,0.75303,0.70204,0.75005,0.51338,0.00831,0.51152,0.9069,0.000575425,0.000575425,0.000575425
87,1885.43,0.00703,0.50143,0.79156,0.73584,0.71839,0.74354,0.51432,0.00844,0.55345,0.923,0.00057043,0.00057043,0.00057043
88,1906.87,0.00731,0.54702,0.80797,0.71948,0.73678,0.7539,0.52201,0.00809,0.49779,0.91087,0.000565435,0.000565435,0.000565435
89,1928.18,0.00729,0.48424,0.7941,0.72448,0.72636,0.75795,0.53531,0.00821,0.48567,0.92639,0.00056044,0.00056044,0.00056044
90,1950.45,0.00725,0.5571,0.80852,0.71882,0.7104,0.75124,0.521,0.00839,0.50022,0.91784,0.000555445,0.000555445,0.000555445
91,1971.7,0.00736,0.52456,0.78839,0.76068,0.68575,0.75301,0.5049,0.0086,0.50915,0.93645,0.00055045,0.00055045,0.00055045
92,1992.91,0.00708,0.50361,0.76621,0.78345,0.68279,0.75423,0.51431,0.00798,0.46466,0.90536,0.000545455,0.000545455,0.000545455
93,2014.08,0.00713,0.47562,0.78024,0.77373,0.69172,0.75455,0.50359,0.0087,0.47741,0.94594,0.00054046,0.00054046,0.00054046
94,2035.06,0.0072,0.52854,0.79631,0.75338,0.65248,0.71027,0.5053,0.0082,0.52786,0.92141,0.000535465,0.000535465,0.000535465
95,2055.87,0.00712,0.49996,0.78806,0.73847,0.71236,0.75554,0.50534,0.00824,0.49605,0.92998,0.00053047,0.00053047,0.00053047
96,2077.2,0.0072,0.48937,0.77954,0.7928,0.6964,0.76144,0.52373,0.00854,0.45426,0.96031,0.000525475,0.000525475,0.000525475
97,2098.48,0.00711,0.48026,0.7938,0.75111,0.69924,0.75212,0.51864,0.00801,0.49026,0.90063,0.00052048,0.00052048,0.00052048
98,2119.73,0.00755,0.52403,0.8067,0.73869,0.73275,0.75402,0.52514,0.00791,0.4913,0.88851,0.000515485,0.000515485,0.000515485
99,2140.97,0.00704,0.49031,0.78705,0.6959,0.73358,0.73896,0.49595,0.00834,0.50538,0.89909,0.00051049,0.00051049,0.00051049
100,2162.26,0.00673,0.49662,0.77057,0.72011,0.71367,0.74479,0.5298,0.00814,0.48685,0.90791,0.000505495,0.000505495,0.000505495
101,2183.55,0.00671,0.49034,0.7709,0.76343,0.68472,0.74746,0.50875,0.00809,0.48341,0.91325,0.0005005,0.0005005,0.0005005
102,2204.74,0.00701,0.5459,0.78438,0.72928,0.72134,0.75431,0.52483,0.00777,0.48203,0.88599,0.000495505,0.000495505,0.000495505
103,2225.9,0.00694,0.52042,0.77631,0.76558,0.71227,0.7558,0.53898,0.00815,0.4948,0.9177,0.00049051,0.00049051,0.00049051
104,2248.21,0.00655,0.49737,0.76458,0.7951,0.68228,0.75194,0.52603,0.00791,0.48114,0.91205,0.000485515,0.000485515,0.000485515
105,2269.38,0.00686,0.45665,0.76187,0.81244,0.67041,0.75629,0.52099,0.00831,0.45187,0.92259,0.00048052,0.00048052,0.00048052
106,2290.49,0.00682,0.4832,0.74259,0.74822,0.71842,0.75427,0.50867,0.00841,0.49446,0.92335,0.000475525,0.000475525,0.000475525
107,2311.81,0.00686,0.48285,0.77335,0.79433,0.70438,0.76082,0.53666,0.00808,0.44921,0.89923,0.00047053,0.00047053,0.00047053
108,2333.08,0.0069,0.4846,0.76585,0.78339,0.69449,0.75319,0.5298,0.00812,0.45027,0.91171,0.000465535,0.000465535,0.000465535
109,2354.11,0.00699,0.46833,0.75667,0.76238,0.73175,0.76134,0.53098,0.00832,0.46023,0.94189,0.00046054,0.00046054,0.00046054
110,2375.43,0.00679,0.46792,0.76776,0.81531,0.69987,0.7569,0.51526,0.00775,0.45841,0.87985,0.000455545,0.000455545,0.000455545
111,2396.62,0.00682,0.45153,0.77409,0.78435,0.71563,0.76102,0.53485,0.00804,0.43264,0.88149,0.00045055,0.00045055,0.00045055
112,2417.88,0.00678,0.44799,0.7494,0.76053,0.72157,0.75947,0.49154,0.00844,0.46564,0.90247,0.000445555,0.000445555,0.000445555
113,2439.1,0.00666,0.46695,0.75901,0.73069,0.74071,0.75658,0.49639,0.00836,0.47983,0.9253,0.00044056,0.00044056,0.00044056
114,2460.36,0.00691,0.47399,0.76222,0.79517,0.69037,0.76034,0.51729,0.0084,0.44164,0.91589,0.000435565,0.000435565,0.000435565
115,2481.59,0.00673,0.46762,0.74209,0.69797,0.74677,0.74268,0.50449,0.00833,0.46739,0.93868,0.00043057,0.00043057,0.00043057
116,2502.77,0.00668,0.43345,0.74427,0.76324,0.72789,0.75973,0.52076,0.00806,0.45727,0.90583,0.000425575,0.000425575,0.000425575
117,2524.18,0.00654,0.46156,0.73765,0.78947,0.72493,0.75948,0.51692,0.00827,0.47354,0.93324,0.00042058,0.00042058,0.00042058
118,2545.27,0.00645,0.4606,0.74687,0.77711,0.72935,0.76252,0.51704,0.00824,0.43996,0.90046,0.000415585,0.000415585,0.000415585
119,2566.48,0.00648,0.42131,0.74214,0.75118,0.73508,0.76426,0.50582,0.00805,0.43044,0.92598,0.00041059,0.00041059,0.00041059
120,2587.52,0.00667,0.44428,0.76474,0.79666,0.71506,0.76259,0.52147,0.00805,0.44668,0.90855,0.000405595,0.000405595,0.000405595
121,2608.26,0.00655,0.4443,0.73736,0.78596,0.7332,0.76446,0.53506,0.00815,0.45526,0.90451,0.0004006,0.0004006,0.0004006
122,2629.14,0.00616,0.42424,0.72961,0.77886,0.72571,0.76586,0.54124,0.00805,0.41462,0.87685,0.000395605,0.000395605,0.000395605
123,2651.62,0.00647,0.4377,0.74924,0.72226,0.74126,0.76377,0.53519,0.0081,0.43294,0.90423,0.00039061,0.00039061,0.00039061
124,2673.24,0.00667,0.45155,0.74593,0.76897,0.73075,0.7563,0.51382,0.00811,0.45011,0.89258,0.000385615,0.000385615,0.000385615
125,2694.75,0.00678,0.49094,0.75649,0.74869,0.72432,0.76335,0.53543,0.00767,0.43364,0.86481,0.00038062,0.00038062,0.00038062
126,2715.99,0.00644,0.46449,0.74066,0.79579,0.70342,0.75466,0.52796,0.00784,0.43863,0.89053,0.000375625,0.000375625,0.000375625
127,2737.21,0.00635,0.4381,0.74642,0.78932,0.6934,0.75712,0.53717,0.0078,0.43226,0.88503,0.00037063,0.00037063,0.00037063
128,2758.49,0.00663,0.43647,0.73399,0.79367,0.72055,0.75826,0.53122,0.00792,0.44396,0.89178,0.000365635,0.000365635,0.000365635
129,2779.82,0.00632,0.43593,0.74895,0.80135,0.67199,0.75296,0.51531,0.0082,0.43728,0.92717,0.00036064,0.00036064,0.00036064
130,2801.08,0.00649,0.44786,0.74603,0.78836,0.70703,0.75785,0.53801,0.00785,0.42884,0.87337,0.000355645,0.000355645,0.000355645
131,2822.33,0.00605,0.4129,0.70508,0.77638,0.70954,0.75187,0.52933,0.00799,0.43997,0.89762,0.00035065,0.00035065,0.00035065
132,2843.37,0.00686,0.43486,0.74528,0.77865,0.72352,0.74751,0.53401,0.00781,0.45059,0.88001,0.000345655,0.000345655,0.000345655
133,2864.45,0.00654,0.44316,0.74775,0.77955,0.71602,0.7564,0.55582,0.00796,0.44066,0.89312,0.00034066,0.00034066,0.00034066
134,2886.5,0.00626,0.41587,0.73081,0.759,0.72691,0.75946,0.55553,0.00746,0.42752,0.85115,0.000335665,0.000335665,0.000335665
135,2908.42,0.00623,0.42586,0.73965,0.77173,0.72652,0.75981,0.52709,0.00793,0.45132,0.88107,0.00033067,0.00033067,0.00033067
136,2929.72,0.00642,0.43046,0.75356,0.7757,0.70716,0.76421,0.56134,0.00772,0.44751,0.87483,0.000325675,0.000325675,0.000325675
137,2952,0.00626,0.44286,0.7517,0.77349,0.71506,0.76561,0.56633,0.00729,0.40968,0.83531,0.00032068,0.00032068,0.00032068
138,2974.56,0.00632,0.43709,0.73659,0.77722,0.72032,0.76583,0.55794,0.00747,0.39926,0.84092,0.000315685,0.000315685,0.000315685
139,2995.78,0.00609,0.39215,0.72192,0.75276,0.7332,0.75831,0.57346,0.00757,0.39871,0.85274,0.00031069,0.00031069,0.00031069
140,3017.98,0.00635,0.40359,0.71481,0.76969,0.71963,0.76252,0.55093,0.00764,0.44758,0.86071,0.000305695,0.000305695,0.000305695
141,3039,0.00628,0.41499,0.73305,0.77945,0.73645,0.76242,0.5427,0.00788,0.44546,0.87059,0.0003007,0.0003007,0.0003007
142,3060.45,0.00616,0.39249,0.72386,0.77947,0.72437,0.75846,0.54403,0.00747,0.39755,0.85816,0.000295705,0.000295705,0.000295705
143,3081.81,0.0059,0.38714,0.71377,0.77314,0.72487,0.75418,0.54721,0.00761,0.42417,0.8683,0.00029071,0.00029071,0.00029071
144,3103.11,0.00611,0.42037,0.72349,0.78865,0.71525,0.7562,0.55475,0.00748,0.43363,0.86882,0.000285715,0.000285715,0.000285715
145,3124.32,0.00628,0.42669,0.72907,0.79348,0.7139,0.76585,0.55043,0.00754,0.41517,0.85697,0.00028072,0.00028072,0.00028072
146,3145.47,0.00603,0.3988,0.72155,0.8166,0.71847,0.76599,0.54534,0.00757,0.42081,0.86464,0.000275725,0.000275725,0.000275725
147,3166.6,0.00629,0.47369,0.74514,0.78482,0.7203,0.76075,0.53854,0.00766,0.43395,0.86464,0.00027073,0.00027073,0.00027073
148,3187.36,0.00609,0.42136,0.72552,0.78646,0.71692,0.76449,0.55485,0.00725,0.39718,0.85102,0.000265735,0.000265735,0.000265735
149,3208.74,0.00598,0.36902,0.7089,0.78938,0.73629,0.76271,0.53451,0.0078,0.42491,0.89841,0.00026074,0.00026074,0.00026074
150,3230.06,0.00632,0.42954,0.74342,0.80024,0.71877,0.76397,0.54521,0.00755,0.41885,0.8674,0.000255745,0.000255745,0.000255745
151,3251.29,0.00565,0.37592,0.69983,0.77766,0.73746,0.76238,0.55043,0.00741,0.37539,0.85378,0.00025075,0.00025075,0.00025075
152,3272.42,0.00591,0.39091,0.70924,0.78207,0.71668,0.75605,0.55327,0.00731,0.38676,0.8382,0.000245755,0.000245755,0.000245755
153,3293.8,0.00586,0.37474,0.71123,0.79094,0.71962,0.76014,0.54809,0.00772,0.40612,0.89455,0.00024076,0.00024076,0.00024076
154,3315.2,0.00591,0.37115,0.70708,0.76515,0.72394,0.75731,0.5378,0.00767,0.41876,0.87574,0.000235765,0.000235765,0.000235765
155,3336.46,0.00601,0.39646,0.72734,0.80592,0.72487,0.76513,0.56301,0.0074,0.41886,0.85993,0.00023077,0.00023077,0.00023077
156,3357.92,0.00582,0.38645,0.70784,0.8229,0.72113,0.76696,0.56882,0.00753,0.41255,0.85605,0.000225775,0.000225775,0.000225775
157,3379.24,0.00605,0.39704,0.72623,0.75482,0.71044,0.75284,0.55319,0.00742,0.41334,0.87266,0.00022078,0.00022078,0.00022078
158,3400.51,0.00605,0.37455,0.73027,0.794,0.72649,0.75834,0.53812,0.00761,0.38682,0.8727,0.000215785,0.000215785,0.000215785
159,3421.67,0.00554,0.36299,0.70076,0.78257,0.71827,0.7573,0.54053,0.00741,0.39089,0.8691,0.00021079,0.00021079,0.00021079
160,3442.63,0.00567,0.36682,0.70615,0.77614,0.71517,0.75877,0.52916,0.00746,0.40189,0.88183,0.000205795,0.000205795,0.000205795
161,3463.64,0.00578,0.36093,0.71231,0.80265,0.72325,0.76517,0.54774,0.00754,0.38795,0.86805,0.0002008,0.0002008,0.0002008
162,3484.88,0.00561,0.34951,0.70214,0.80097,0.72016,0.76447,0.55583,0.00743,0.37509,0.86521,0.000195805,0.000195805,0.000195805
163,3506.34,0.00565,0.375,0.70239,0.78417,0.72487,0.76226,0.56565,0.00753,0.37593,0.86442,0.00019081,0.00019081,0.00019081
164,3527.64,0.00593,0.3873,0.73672,0.78598,0.73345,0.76532,0.56662,0.00739,0.36917,0.85308,0.000185815,0.000185815,0.000185815
165,3548.86,0.00576,0.39628,0.69255,0.80602,0.72487,0.7659,0.55406,0.00758,0.37334,0.87967,0.00018082,0.00018082,0.00018082
166,3570.13,0.00552,0.35735,0.6891,0.76977,0.72325,0.76803,0.55882,0.00752,0.37659,0.86989,0.000175825,0.000175825,0.000175825
167,3591.39,0.00584,0.3654,0.71448,0.78517,0.72272,0.76194,0.54537,0.00754,0.38146,0.86347,0.00017083,0.00017083,0.00017083
168,3612.8,0.00548,0.36003,0.68789,0.78625,0.72487,0.76454,0.56134,0.00753,0.3801,0.85282,0.000165835,0.000165835,0.000165835
169,3634.09,0.00576,0.37365,0.69485,0.79724,0.72487,0.76429,0.5632,0.00744,0.35621,0.87822,0.00016084,0.00016084,0.00016084
170,3655.24,0.00601,0.40503,0.72155,0.78811,0.72487,0.76363,0.55742,0.00765,0.41694,0.87792,0.000155845,0.000155845,0.000155845
171,3676.54,0.00556,0.34594,0.68546,0.79486,0.70857,0.76474,0.55799,0.00749,0.38066,0.85913,0.00015085,0.00015085,0.00015085
172,3697.59,0.00558,0.35056,0.69443,0.76115,0.73685,0.76543,0.55422,0.00737,0.38093,0.8485,0.000145855,0.000145855,0.000145855
173,3718.7,0.0059,0.40662,0.71046,0.78489,0.71741,0.76583,0.55436,0.00751,0.38687,0.85201,0.00014086,0.00014086,0.00014086
174,3739.68,0.00524,0.34105,0.69306,0.76595,0.72487,0.76494,0.55732,0.00747,0.37993,0.85478,0.000135865,0.000135865,0.000135865
175,3760.63,0.00543,0.35555,0.70076,0.78674,0.72069,0.76447,0.54646,0.00757,0.37667,0.85827,0.00013087,0.00013087,0.00013087
176,3781.82,0.00521,0.35588,0.696,0.76867,0.73298,0.76245,0.5496,0.00745,0.3841,0.84855,0.000125875,0.000125875,0.000125875
177,3802.86,0.0054,0.36106,0.70128,0.72823,0.72758,0.75911,0.55672,0.0074,0.37972,0.85178,0.00012088,0.00012088,0.00012088
178,3823.97,0.00592,0.36818,0.70286,0.7679,0.69804,0.75908,0.55308,0.0074,0.39926,0.8502,0.000115885,0.000115885,0.000115885
179,3845.06,0.00543,0.38097,0.69926,0.7431,0.73001,0.75786,0.55922,0.00734,0.41094,0.85703,0.00011089,0.00011089,0.00011089
180,3866.24,0.00547,0.3384,0.68401,0.78,0.68562,0.76039,0.56132,0.00728,0.40932,0.8525,0.000105895,0.000105895,0.000105895
181,3887.45,0.00542,0.35611,0.68988,0.77531,0.68641,0.75725,0.56536,0.00716,0.41035,0.8348,0.0001009,0.0001009,0.0001009
182,3908.71,0.0055,0.35266,0.69174,0.79179,0.69826,0.75961,0.5651,0.00718,0.40912,0.84308,9.5905e-05,9.5905e-05,9.5905e-05
183,3929.89,0.00527,0.35071,0.67105,0.79797,0.70073,0.76301,0.56917,0.00732,0.40565,0.84949,9.091e-05,9.091e-05,9.091e-05
184,3951.17,0.00535,0.34466,0.69014,0.79975,0.69586,0.75995,0.56594,0.00744,0.40667,0.86227,8.5915e-05,8.5915e-05,8.5915e-05
185,3972.16,0.00541,0.33236,0.68035,0.75049,0.70933,0.75686,0.56018,0.0073,0.40214,0.84768,8.092e-05,8.092e-05,8.092e-05
186,3993.18,0.00531,0.32618,0.66475,0.7307,0.72815,0.75952,0.56014,0.00731,0.38663,0.85024,7.5925e-05,7.5925e-05,7.5925e-05
187,4014.08,0.00526,0.3297,0.68439,0.77764,0.70076,0.76173,0.57068,0.00712,0.3722,0.84587,7.093e-05,7.093e-05,7.093e-05
188,4035.21,0.0053,0.33543,0.6814,0.78042,0.70006,0.7634,0.57349,0.00721,0.37311,0.83985,6.5935e-05,6.5935e-05,6.5935e-05
189,4057.72,0.00521,0.33268,0.6827,0.78385,0.7086,0.76555,0.57275,0.00724,0.38009,0.83736,6.094e-05,6.094e-05,6.094e-05
190,4079.13,0.00548,0.36717,0.69921,0.77921,0.71456,0.76442,0.56706,0.00718,0.36923,0.83941,5.5945e-05,5.5945e-05,5.5945e-05
191,4101.14,0.00604,0.39164,0.72965,0.76629,0.7126,0.75855,0.55803,0.00729,0.37692,0.86252,5.095e-05,5.095e-05,5.095e-05
192,4122.06,0.0061,0.37526,0.71838,0.77587,0.70762,0.76072,0.55266,0.00729,0.37518,0.85371,4.5955e-05,4.5955e-05,4.5955e-05
193,4142.77,0.00601,0.33602,0.70997,0.77188,0.71969,0.76438,0.55853,0.00733,0.36736,0.86026,4.096e-05,4.096e-05,4.096e-05
194,4163.53,0.00567,0.32894,0.70383,0.76913,0.73034,0.76392,0.55999,0.00727,0.36533,0.85683,3.5965e-05,3.5965e-05,3.5965e-05
195,4184.32,0.00545,0.31801,0.6512,0.74512,0.73268,0.76398,0.56277,0.00719,0.36718,0.84809,3.097e-05,3.097e-05,3.097e-05
196,4205.04,0.0061,0.37147,0.69011,0.77455,0.72285,0.7667,0.57033,0.00721,0.36559,0.85222,2.5975e-05,2.5975e-05,2.5975e-05
197,4225.76,0.00583,0.30994,0.68734,0.7792,0.72198,0.76705,0.57208,0.00716,0.36063,0.84941,2.098e-05,2.098e-05,2.098e-05
198,4246.48,0.00529,0.31324,0.65011,0.78122,0.72097,0.76714,0.56776,0.00714,0.35606,0.84813,1.5985e-05,1.5985e-05,1.5985e-05
199,4266.96,0.00558,0.34987,0.64439,0.75131,0.7392,0.766,0.57182,0.00712,0.358,0.8493,1.099e-05,1.099e-05,1.099e-05
200,4287.55,0.0056,0.3251,0.6904,0.75135,0.73886,0.76603,0.57569,0.00712,0.35802,0.85084,5.995e-06,5.995e-06,5.995e-06
